{"frame": 1, "rgb loss": 0.0012724454372678939, "input_smooth_loss": 59.58217239379883, "_timestamp": 1680281543.2876813, "_runtime": 5959.9611122608185, "_step": 9999, "_wandb": {"runtime": 5990}}