{"frame": 8, "rgb loss": 0.01366598819609643, "input_smooth_loss": 194.14439392089844, "_timestamp": 1680712537.5171099, "_runtime": 6199.963533878326, "_step": 9999, "_wandb": {"runtime": 6242}}