{"frame": 0, "rgb loss": "0.09931", "input_smooth_loss": "60.1595", "_timestamp": 1680275121.8540177, "_runtime": 58.619781732559204, "_step": 1, "_wandb": {"runtime": 58}}