{"frame": 0, "rgb loss": 0.1912206836854909, "input_smooth_loss": 59.853492736816406, "_timestamp": 1680732851.716117, "_runtime": 64.46823692321777, "_step": 1, "_wandb": {"runtime": 64}}