{"frame": 4, "rgb loss": "0.01617", "input_smooth_loss": "38.4844", "_timestamp": 1680275462.5875993, "_runtime": 220.85614323616028, "_step": 297, "_wandb": {"runtime": 220}}