{"frame": 0, "rgb loss": 0.002010146388836696, "input_smooth_loss": 53.939308166503906, "_timestamp": 1680294323.9541295, "_runtime": 3560.438309431076, "_step": 9999, "_wandb": {"runtime": 3591}}