{"frame": 8, "rgb loss": 0.020345730203312026, "input_smooth_loss": 176.69200134277344, "_timestamp": 1680753233.9722023, "_runtime": 6104.984431266785, "_step": 9999, "_wandb": {"runtime": 6147}}