{"frame": 8, "rgb loss": 0.011979894712340407, "input_smooth_loss": 192.4204559326172, "_timestamp": 1680713863.4128287, "_runtime": 6256.188603639603, "_step": 9999, "_wandb": {"runtime": 6297}}